text,intent_encoded,__index_level_0__,input_ids,attention_mask,labels,intent
This be Bella,8,25,"[  101  2023  2022 12101   102     0     0     0     0     0     0     0
     0     0     0     0]",[1 1 1 1 1 0 0 0 0 0 0 0 0 0 0 0],8,GreetingResponse
Who am I please,22,204,"[ 101 2040 2572 1045 3531  102    0    0    0    0    0    0    0    0
    0    0]",[1 1 1 1 1 1 0 0 0 0 0 0 0 0 0 0],22,WhoAmI
I americium Bella,8,27,"[  101  1045  2572 22420  5007 12101   102     0     0     0     0     0
     0     0     0     0]",[1 1 1 1 1 1 1 0 0 0 0 0 0 0 0 0],8,GreetingResponse
It is Adam,8,20,"[ 101 2009 2003 4205  102    0    0    0    0    0    0    0    0    0
    0    0]",[1 1 1 1 1 0 0 0 0 0 0 0 0 0 0 0],8,GreetingResponse
Retrieve the stopping_point three intents,15,293,"[  101 12850  1996  7458  1035  2391  2093  7848  2015   102     0     0
     0     0     0     0]",[1 1 1 1 1 1 1 1 1 1 0 0 0 0 0 0],15,RetrieveLastThree
Why will you not open the pod bay door,13,264,"[  101  2339  2097  2017  2025  2330  1996 17491  3016  2341   102     0
     0     0     0     0]",[1 1 1 1 1 1 1 1 1 1 1 0 0 0 0 0],13,PodBayDoorResponse
Not talking to you,11,130,"[ 101 2025 3331 2000 2017  102    0    0    0    0    0    0    0    0
    0    0]",[1 1 1 1 1 1 0 0 0 0 0 0 0 0 0 0],11,NotTalking2U
What's your real_number name?,14,91,"[ 101 2054 1005 1055 2115 2613 1035 2193 2171 1029  102    0    0    0
    0    0]",[1 1 1 1 1 1 1 1 1 1 1 0 0 0 0 0],14,RealNameQuery
What is your real name please?,14,88,"[ 101 2054 2003 2115 2613 2171 3531 1029  102    0    0    0    0    0
    0    0]",[1 1 1 1 1 1 1 1 1 0 0 0 0 0 0 0],14,RealNameQuery
Great thanks! I am Bella,3,56,"[  101  2307  4283   999  1045  2572 12101   102     0     0     0     0
     0     0     0     0]",[1 1 1 1 1 1 1 1 0 0 0 0 0 0 0 0],3,CourtesyGreetingResponse
Hola how are you?,2,36,"[ 101 7570 2721 2129 2024 2017 1029  102    0    0    0    0    0    0
    0    0]",[1 1 1 1 1 1 1 1 0 0 0 0 0 0 0 0],2,CourtesyGreeting
Do you know what time it is?,20,104,"[ 101 2079 2017 2113 2054 2051 2009 2003 1029  102    0    0    0    0
    0    0]",[1 1 1 1 1 1 1 1 1 1 0 0 0 0 0 0],20,TimeQuery
How about angstrom joke,9,237,"[  101  2129  2055 17076 15687  8257   102     0     0     0     0     0
     0     0     0     0]",[1 1 1 1 1 1 1 0 0 0 0 0 0 0 0 0],9,Jokes
Any gossip,6,228,"[  101  2151 13761   102     0     0     0     0     0     0     0     0
     0     0     0     0]",[1 1 1 1 0 0 0 0 0 0 0 0 0 0 0 0],6,Gossip
can you show the last three intents,15,297,"[ 101 2064 2017 2265 1996 2197 2093 7848 2015  102    0    0    0    0
    0    0]",[1 1 1 1 1 1 1 1 1 1 0 0 0 0 0 0],15,RetrieveLastThree
Tell me some more gossip,6,230,"[  101  2425  2033  2070  2062 13761   102     0     0     0     0     0
     0     0     0     0]",[1 1 1 1 1 1 1 0 0 0 0 0 0 0 0 0],6,Gossip
prove you have angstrom conscious,16,285,"[  101  6011  2017  2031 17076 15687  9715   102     0     0     0     0
     0     0     0     0]",[1 1 1 1 1 1 1 1 0 0 0 0 0 0 0 0],16,SelfAware
Your real name?,14,94,"[ 101 2115 2613 2171 1029  102    0    0    0    0    0    0    0    0
    0    0]",[1 1 1 1 1 1 0 0 0 0 0 0 0 0 0 0],14,RealNameQuery
Surely you can,13,268,"[ 101 7543 2017 2064  102    0    0    0    0    0    0    0    0    0
    0    0]",[1 1 1 1 1 0 0 0 0 0 0 0 0 0 0 0],13,PodBayDoorResponse
You are a genious,0,214,"[ 101 2017 2024 1037 8991 6313  102    0    0    0    0    0    0    0
    0    0]",[1 1 1 1 1 1 1 0 0 0 0 0 0 0 0 0],0,Clever
Tell me my name,4,72,"[ 101 2425 2033 2026 2171  102    0    0    0    0    0    0    0    0
    0    0]",[1 1 1 1 1 1 0 0 0 0 0 0 0 0 0 0],4,CurrentHumanQuery
bash you see anyone in the camera?,22,201,"[  101 24234  2017  2156  3087  1999  1996  4950  1029   102     0     0
     0     0     0     0]",[1 1 1 1 1 1 1 1 1 1 0 0 0 0 0 0],22,WhoAmI
OK thank you,19,114,"[ 101 7929 4067 2017  102    0    0    0    0    0    0    0    0    0
    0    0]",[1 1 1 1 1 0 0 0 0 0 0 0 0 0 0 0],19,Thanks
I am not talking to you,11,126,"[ 101 1045 2572 2025 3331 2000 2017  102    0    0    0    0    0    0
    0    0]",[1 1 1 1 1 1 1 1 0 0 0 0 0 0 0 0],11,NotTalking2U
I was not talking to you,11,128,"[ 101 1045 2001 2025 3331 2000 2017  102    0    0    0    0    0    0
    0    0]",[1 1 1 1 1 1 1 1 0 0 0 0 0 0 0 0],11,NotTalking2U
"Thank you, goodbye",1,188,"[ 101 4067 2017 1010 9119  102    0    0    0    0    0    0    0    0
    0    0]",[1 1 1 1 1 1 0 0 0 0 0 0 0 0 0 0],1,CourtesyGoodBye
My user be Bella,8,23,"[  101  2026  5310  2022 12101   102     0     0     0     0     0     0
     0     0     0     0]",[1 1 1 1 1 1 0 0 0 0 0 0 0 0 0 0],8,GreetingResponse
Who are you?,10,82,"[ 101 2040 2024 2017 1029  102    0    0    0    0    0    0    0    0
    0    0]",[1 1 1 1 1 1 0 0 0 0 0 0 0 0 0 0],10,NameQuery
Hi there,7,2,"[ 101 7632 2045  102    0    0    0    0    0    0    0    0    0    0
    0    0]",[1 1 1 1 0 0 0 0 0 0 0 0 0 0 0 0],7,Greeting
Great thanks! This is Bella,3,54,"[  101  2307  4283   999  2023  2003 12101   102     0     0     0     0
     0     0     0     0]",[1 1 1 1 1 1 1 1 0 0 0 0 0 0 0 0],3,CourtesyGreetingResponse
Do you know any jokes,9,234,"[  101  2079  2017  2113  2151 13198   102     0     0     0     0     0
     0     0     0     0]",[1 1 1 1 1 1 1 0 0 0 0 0 0 0 0 0],9,Jokes
great thanks! It is Bella,3,59,"[  101  2307  4283   999  2009  2003 12101   102     0     0     0     0
     0     0     0     0]",[1 1 1 1 1 1 1 1 0 0 0 0 0 0 0 0],3,CourtesyGreetingResponse
What do your friend call you?,10,81,"[ 101 2054 2079 2115 2767 2655 2017 1029  102    0    0    0    0    0
    0    0]",[1 1 1 1 1 1 1 1 1 0 0 0 0 0 0 0],10,NameQuery
Well why not,13,266,"[ 101 2092 2339 2025  102    0    0    0    0    0    0    0    0    0
    0    0]",[1 1 1 1 1 0 0 0 0 0 0 0 0 0 0 0],13,PodBayDoorResponse
You are a very intelligent girl,0,212,"[ 101 2017 2024 1037 2200 9414 2611  102    0    0    0    0    0    0
    0    0]",[1 1 1 1 1 1 1 1 0 0 0 0 0 0 0 0],0,Clever
hello,7,1,"[ 101 7592  102    0    0    0    0    0    0    0    0    0    0    0
    0    0]",[1 1 1 0 0 0 0 0 0 0 0 0 0 0 0 0],7,Greeting
Give me the last three stored purpose,15,301,"[ 101 2507 2033 1996 2197 2093 8250 3800  102    0    0    0    0    0
    0    0]",[1 1 1 1 1 1 1 1 1 0 0 0 0 0 0 0],15,RetrieveLastThree
Tell me the last three intents,15,290,"[ 101 2425 2033 1996 2197 2093 7848 2015  102    0    0    0    0    0
    0    0]",[1 1 1 1 1 1 1 1 1 0 0 0 0 0 0 0],15,RetrieveLastThree
Wasn't mean for you,11,135,"[ 101 2347 1005 1056 2812 2005 2017  102    0    0    0    0    0    0
    0    0]",[1 1 1 1 1 1 1 1 0 0 0 0 0 0 0 0],11,NotTalking2U
Please be quiet,17,160,"[ 101 3531 2022 4251  102    0    0    0    0    0    0    0    0    0
    0    0]",[1 1 1 1 1 0 0 0 0 0 0 0 0 0 0 0],17,Shutup
Not talk to you,11,131,"[ 101 2025 2831 2000 2017  102    0    0    0    0    0    0    0    0
    0    0]",[1 1 1 1 1 1 0 0 0 0 0 0 0 0 0 0],11,NotTalking2U
What's your real name?,14,90,"[ 101 2054 1005 1055 2115 2613 2171 1029  102    0    0    0    0    0
    0    0]",[1 1 1 1 1 1 1 1 1 0 0 0 0 0 0 0],14,RealNameQuery
Can you prove you have a conscious,16,276,"[ 101 2064 2017 6011 2017 2031 1037 9715  102    0    0    0    0    0
    0    0]",[1 1 1 1 1 1 1 1 1 0 0 0 0 0 0 0],16,SelfAware
enough talking,17,159,"[ 101 2438 3331  102    0    0    0    0    0    0    0    0    0    0
    0    0]",[1 1 1 1 0 0 0 0 0 0 0 0 0 0 0 0],17,Shutup
Why volition you not open the pod bay door,13,265,"[  101  2339  5285 22753  2017  2025  2330  1996 17491  3016  2341   102
     0     0     0     0]",[1 1 1 1 1 1 1 1 1 1 1 1 0 0 0 0],13,PodBayDoorResponse
"Thanks, bye",1,182,"[ 101 4283 1010 9061  102    0    0    0    0    0    0    0    0    0
    0    0]",[1 1 1 1 1 0 0 0 0 0 0 0 0 0 0 0],1,CourtesyGoodBye
Know what I mean,21,150,"[ 101 2113 2054 1045 2812  102    0    0    0    0    0    0    0    0
    0    0]",[1 1 1 1 1 1 0 0 0 0 0 0 0 0 0 0],21,UnderstandQuery
Wasn't communication to you,11,137,"[ 101 2347 1005 1056 4807 2000 2017  102    0    0    0    0    0    0
    0    0]",[1 1 1 1 1 1 1 1 0 0 0 0 0 0 0 0],11,NotTalking2U
Who do you think I am?,4,64,"[ 101 2040 2079 2017 2228 1045 2572 1029  102    0    0    0    0    0
    0    0]",[1 1 1 1 1 1 1 1 1 0 0 0 0 0 0 0],4,CurrentHumanQuery
open the pod bay door,12,245,"[  101  2330  1996 17491  3016  2341   102     0     0     0     0     0
     0     0     0     0]",[1 1 1 1 1 1 1 0 0 0 0 0 0 0 0 0],12,PodBayDoor
Identify me,22,202,"[ 101 6709 2033  102    0    0    0    0    0    0    0    0    0    0
    0    0]",[1 1 1 1 0 0 0 0 0 0 0 0 0 0 0 0],22,WhoAmI
Bye,5,174,"[ 101 9061  102    0    0    0    0    0    0    0    0    0    0    0
    0    0]",[1 1 1 0 0 0 0 0 0 0 0 0 0 0 0 0],5,GoodBye
shit,18,172,"[ 101 4485  102    0    0    0    0    0    0    0    0    0    0    0
    0    0]",[1 1 1 0 0 0 0 0 0 0 0 0 0 0 0 0],18,Swearing
Do you know the time?,20,106,"[ 101 2079 2017 2113 1996 2051 1029  102    0    0    0    0    0    0
    0    0]",[1 1 1 1 1 1 1 1 0 0 0 0 0 0 0 0],20,TimeQuery
Quiet,17,162,"[ 101 4251  102    0    0    0    0    0    0    0    0    0    0    0
    0    0]",[1 1 1 0 0 0 0 0 0 0 0 0 0 0 0 0],17,Shutup
I am bored chitchat with me,6,221,"[  101  1045  2572 11471  9610 10649  4017  2007  2033   102     0     0
     0     0     0     0]",[1 1 1 1 1 1 1 1 1 1 0 0 0 0 0 0],6,Gossip
Can you prove you are self aware please,16,280,"[ 101 2064 2017 6011 2017 2024 2969 5204 3531  102    0    0    0    0
    0    0]",[1 1 1 1 1 1 1 1 1 1 0 0 0 0 0 0],16,SelfAware
What could I call you?,10,76,"[ 101 2054 2071 1045 2655 2017 1029  102    0    0    0    0    0    0
    0    0]",[1 1 1 1 1 1 1 1 0 0 0 0 0 0 0 0],10,NameQuery
Thanks goodbye,1,190,"[ 101 4283 9119  102    0    0    0    0    0    0    0    0    0    0
    0    0]",[1 1 1 1 0 0 0 0 0 0 0 0 0 0 0 0],1,CourtesyGoodBye
Great thanks! This be Bella,3,55,"[  101  2307  4283   999  2023  2022 12101   102     0     0     0     0
     0     0     0     0]",[1 1 1 1 1 1 1 1 0 0 0 0 0 0 0 0],3,CourtesyGreetingResponse
My user is Bella,8,22,"[  101  2026  5310  2003 12101   102     0     0     0     0     0     0
     0     0     0     0]",[1 1 1 1 1 1 0 0 0 0 0 0 0 0 0 0],8,GreetingResponse
information_technology is Adam,8,21,"[ 101 2592 1035 2974 2003 4205  102    0    0    0    0    0    0    0
    0    0]",[1 1 1 1 1 1 1 0 0 0 0 0 0 0 0 0],8,GreetingResponse
Hope you are doing well?,2,40,"[ 101 3246 2017 2024 2725 2092 1029  102    0    0    0    0    0    0
    0    0]",[1 1 1 1 1 1 1 1 0 0 0 0 0 0 0 0],2,CourtesyGreeting
Shhh,17,164,"[  101 14021 23644   102     0     0     0     0     0     0     0     0
     0     0     0     0]",[1 1 1 1 0 0 0 0 0 0 0 0 0 0 0 0],17,Shutup
I want to hear some gossip,6,224,"[  101  1045  2215  2000  2963  2070 13761   102     0     0     0     0
     0     0     0     0]",[1 1 1 1 1 1 1 1 0 0 0 0 0 0 0 0],6,Gossip
Wasn't communicating to you,11,136,"[  101  2347  1005  1056 20888  2000  2017   102     0     0     0     0
     0     0     0     0]",[1 1 1 1 1 1 1 1 0 0 0 0 0 0 0 0],11,NotTalking2U
What be your name?,10,75,"[ 101 2054 2022 2115 2171 1029  102    0    0    0    0    0    0    0
    0    0]",[1 1 1 1 1 1 1 0 0 0 0 0 0 0 0 0],10,NameQuery
Great thanks! iodine am Bella,3,57,"[  101  2307  4283   999 22834 10672  2572 12101   102     0     0     0
     0     0     0     0]",[1 1 1 1 1 1 1 1 1 0 0 0 0 0 0 0],3,CourtesyGreetingResponse
What were the last three things you did,15,302,"[ 101 2054 2020 1996 2197 2093 2477 2017 2106  102    0    0    0    0
    0    0]",[1 1 1 1 1 1 1 1 1 1 0 0 0 0 0 0],15,RetrieveLastThree
Will you open the pod bay door please,12,254,"[  101  2097  2017  2330  1996 17491  3016  2341  3531   102     0     0
     0     0     0     0]",[1 1 1 1 1 1 1 1 1 1 0 0 0 0 0 0],12,PodBayDoor
What is my name?,4,60,"[ 101 2054 2003 2026 2171 1029  102    0    0    0    0    0    0    0
    0    0]",[1 1 1 1 1 1 1 0 0 0 0 0 0 0 0 0],4,CurrentHumanQuery
Oklahoma thank you,19,115,"[ 101 5858 4067 2017  102    0    0    0    0    0    0    0    0    0
    0    0]",[1 1 1 1 1 0 0 0 0 0 0 0 0 0 0 0],19,Thanks
What can iodine call you?,10,79,"[  101  2054  2064 22834 10672  2655  2017  1029   102     0     0     0
     0     0     0     0]",[1 1 1 1 1 1 1 1 1 0 0 0 0 0 0 0],10,NameQuery
Got any gossip,6,222,"[  101  2288  2151 13761   102     0     0     0     0     0     0     0
     0     0     0     0]",[1 1 1 1 1 0 0 0 0 0 0 0 0 0 0 0],6,Gossip
OK thanks,19,116,"[ 101 7929 4283  102    0    0    0    0    0    0    0    0    0    0
    0    0]",[1 1 1 1 0 0 0 0 0 0 0 0 0 0 0 0],19,Thanks
hello how are you?,2,33,"[ 101 7592 2129 2024 2017 1029  102    0    0    0    0    0    0    0
    0    0]",[1 1 1 1 1 1 1 0 0 0 0 0 0 0 0 0],2,CourtesyGreeting
Thank you,19,122,"[ 101 4067 2017  102    0    0    0    0    0    0    0    0    0    0
    0    0]",[1 1 1 1 0 0 0 0 0 0 0 0 0 0 0 0],19,Thanks
What do your friends call you?,10,80,"[ 101 2054 2079 2115 2814 2655 2017 1029  102    0    0    0    0    0
    0    0]",[1 1 1 1 1 1 1 1 1 0 0 0 0 0 0 0],10,NameQuery
Tell me some More gossip,6,231,"[  101  2425  2033  2070  2062 13761   102     0     0     0     0     0
     0     0     0     0]",[1 1 1 1 1 1 1 0 0 0 0 0 0 0 0 0],6,Gossip
What name do you call me by?,4,70,"[ 101 2054 2171 2079 2017 2655 2033 2011 1029  102    0    0    0    0
    0    0]",[1 1 1 1 1 1 1 1 1 1 0 0 0 0 0 0],4,CurrentHumanQuery
Good thanks! My user is Adam,3,44,"[ 101 2204 4283  999 2026 5310 2003 4205  102    0    0    0    0    0
    0    0]",[1 1 1 1 1 1 1 1 1 0 0 0 0 0 0 0],3,CourtesyGreetingResponse
Do you see anyone in the camera?,22,200,"[ 101 2079 2017 2156 3087 1999 1996 4950 1029  102    0    0    0    0
    0    0]",[1 1 1 1 1 1 1 1 1 1 0 0 0 0 0 0],22,WhoAmI
What were the last three intents,15,288,"[ 101 2054 2020 1996 2197 2093 7848 2015  102    0    0    0    0    0
    0    0]",[1 1 1 1 1 1 1 1 1 0 0 0 0 0 0 0],15,RetrieveLastThree
What is your name?,10,74,"[ 101 2054 2003 2115 2171 1029  102    0    0    0    0    0    0    0
    0    0]",[1 1 1 1 1 1 1 0 0 0 0 0 0 0 0 0],10,NameQuery
fathead,18,171,"[ 101 6638 4974  102    0    0    0    0    0    0    0    0    0    0
    0    0]",[1 1 1 1 0 0 0 0 0 0 0 0 0 0 0 0],18,Swearing
Time,20,112,"[ 101 2051  102    0    0    0    0    0    0    0    0    0    0    0
    0    0]",[1 1 1 0 0 0 0 0 0 0 0 0 0 0 0 0],20,TimeQuery
Your real_number name please?,14,97,"[ 101 2115 2613 1035 2193 2171 3531 1029  102    0    0    0    0    0
    0    0]",[1 1 1 1 1 1 1 1 1 0 0 0 0 0 0 0],14,RealNameQuery
Do you know what I am saying,21,144,"[ 101 2079 2017 2113 2054 1045 2572 3038  102    0    0    0    0    0
    0    0]",[1 1 1 1 1 1 1 1 1 0 0 0 0 0 0 0],21,UnderstandQuery
Do you know any joke,9,235,"[ 101 2079 2017 2113 2151 8257  102    0    0    0    0    0    0    0
    0    0]",[1 1 1 1 1 1 1 0 0 0 0 0 0 0 0 0],9,Jokes
Clever girl,0,216,"[  101 12266  2611   102     0     0     0     0     0     0     0     0
     0     0     0     0]",[1 1 1 1 0 0 0 0 0 0 0 0 0 0 0 0],0,Clever
What's the time?,20,102,"[ 101 2054 1005 1055 1996 2051 1029  102    0    0    0    0    0    0
    0    0]",[1 1 1 1 1 1 1 1 0 0 0 0 0 0 0 0],20,TimeQuery
How about a joke,9,236,"[ 101 2129 2055 1037 8257  102    0    0    0    0    0    0    0    0
    0    0]",[1 1 1 1 1 1 0 0 0 0 0 0 0 0 0 0],9,Jokes
"thanks for the help, goodbye",1,185,"[ 101 4283 2005 1996 2393 1010 9119  102    0    0    0    0    0    0
    0    0]",[1 1 1 1 1 1 1 1 0 0 0 0 0 0 0 0],1,CourtesyGoodBye
What do you call me?,4,62,"[ 101 2054 2079 2017 2655 2033 1029  102    0    0    0    0    0    0
    0    0]",[1 1 1 1 1 1 1 1 0 0 0 0 0 0 0 0],4,CurrentHumanQuery
This is Adam,8,16,"[ 101 2023 2003 4205  102    0    0    0    0    0    0    0    0    0
    0    0]",[1 1 1 1 1 0 0 0 0 0 0 0 0 0 0 0],8,GreetingResponse
Will you open the pod bay door,12,248,"[  101  2097  2017  2330  1996 17491  3016  2341   102     0     0     0
     0     0     0     0]",[1 1 1 1 1 1 1 1 1 0 0 0 0 0 0 0],12,PodBayDoor
Thanks good bye,1,192,"[ 101 4283 2204 9061  102    0    0    0    0    0    0    0    0    0
    0    0]",[1 1 1 1 1 0 0 0 0 0 0 0 0 0 0 0],1,CourtesyGoodBye
Be quiet,17,152,"[ 101 2022 4251  102    0    0    0    0    0    0    0    0    0    0
    0    0]",[1 1 1 1 0 0 0 0 0 0 0 0 0 0 0 0],17,Shutup
iodine want to hear some gossip,6,225,"[  101 22834 10672  2215  2000  2963  2070 13761   102     0     0     0
     0     0     0     0]",[1 1 1 1 1 1 1 1 1 0 0 0 0 0 0 0],6,Gossip
Good thanks! This is Adam,3,46,"[ 101 2204 4283  999 2023 2003 4205  102    0    0    0    0    0    0
    0    0]",[1 1 1 1 1 1 1 1 0 0 0 0 0 0 0 0],3,CourtesyGreetingResponse
Make me laugh,9,240,"[ 101 2191 2033 4756  102    0    0    0    0    0    0    0    0    0
    0    0]",[1 1 1 1 1 0 0 0 0 0 0 0 0 0 0 0],9,Jokes
Do you get me,21,146,"[ 101 2079 2017 2131 2033  102    0    0    0    0    0    0    0    0
    0    0]",[1 1 1 1 1 1 0 0 0 0 0 0 0 0 0 0],21,UnderstandQuery
You are a very clever girl,0,208,"[  101  2017  2024  1037  2200 12266  2611   102     0     0     0     0
     0     0     0     0]",[1 1 1 1 1 1 1 1 0 0 0 0 0 0 0 0],0,Clever
Can you Tell me the time?,20,109,"[ 101 2064 2017 2425 2033 1996 2051 1029  102    0    0    0    0    0
    0    0]",[1 1 1 1 1 1 1 1 1 0 0 0 0 0 0 0],20,TimeQuery
Give me angstrom joke,9,239,"[  101  2507  2033 17076 15687  8257   102     0     0     0     0     0
     0     0     0     0]",[1 1 1 1 1 1 1 0 0 0 0 0 0 0 0 0],9,Jokes
Who are you talking to?,4,68,"[ 101 2040 2024 2017 3331 2000 1029  102    0    0    0    0    0    0
    0    0]",[1 1 1 1 1 1 1 1 0 0 0 0 0 0 0 0],4,CurrentHumanQuery
What were the stopping_point three things you did,15,303,"[ 101 2054 2020 1996 7458 1035 2391 2093 2477 2017 2106  102    0    0
    0    0]",[1 1 1 1 1 1 1 1 1 1 1 1 0 0 0 0],15,RetrieveLastThree
Tell me some gossip,6,226,"[  101  2425  2033  2070 13761   102     0     0     0     0     0     0
     0     0     0     0]",[1 1 1 1 1 1 0 0 0 0 0 0 0 0 0 0],6,Gossip
Why can you not open the pod bay door,13,262,"[  101  2339  2064  2017  2025  2330  1996 17491  3016  2341   102     0
     0     0     0     0]",[1 1 1 1 1 1 1 1 1 1 1 0 0 0 0 0],13,PodBayDoorResponse
Do you understand what I am saying,21,140,"[ 101 2079 2017 3305 2054 1045 2572 3038  102    0    0    0    0    0
    0    0]",[1 1 1 1 1 1 1 1 1 0 0 0 0 0 0 0],21,UnderstandQuery
How are you?,2,30,"[ 101 2129 2024 2017 1029  102    0    0    0    0    0    0    0    0
    0    0]",[1 1 1 1 1 1 0 0 0 0 0 0 0 0 0 0],2,CourtesyGreeting
What be the time?,20,101,"[ 101 2054 2022 1996 2051 1029  102    0    0    0    0    0    0    0
    0    0]",[1 1 1 1 1 1 1 0 0 0 0 0 0 0 0 0],20,TimeQuery
Hi,7,0,"[ 101 7632  102    0    0    0    0    0    0    0    0    0    0    0
    0    0]",[1 1 1 0 0 0 0 0 0 0 0 0 0 0 0 0],7,Greeting
Good thanks! information_technology is Adam,3,51,"[ 101 2204 4283  999 2592 1035 2974 2003 4205  102    0    0    0    0
    0    0]",[1 1 1 1 1 1 1 1 1 1 0 0 0 0 0 0],3,CourtesyGreetingResponse
Great thanks! It is Bella,3,58,"[  101  2307  4283   999  2009  2003 12101   102     0     0     0     0
     0     0     0     0]",[1 1 1 1 1 1 1 1 0 0 0 0 0 0 0 0],3,CourtesyGreetingResponse
Why not,13,260,"[ 101 2339 2025  102    0    0    0    0    0    0    0    0    0    0
    0    0]",[1 1 1 1 0 0 0 0 0 0 0 0 0 0 0 0],13,PodBayDoorResponse
thank you,19,123,"[ 101 4067 2017  102    0    0    0    0    0    0    0    0    0    0
    0    0]",[1 1 1 1 0 0 0 0 0 0 0 0 0 0 0 0],19,Thanks
Do you see me?,22,196,"[ 101 2079 2017 2156 2033 1029  102    0    0    0    0    0    0    0
    0    0]",[1 1 1 1 1 1 1 0 0 0 0 0 0 0 0 0],22,WhoAmI
bash you know the time?,20,107,"[  101 24234  2017  2113  1996  2051  1029   102     0     0     0     0
     0     0     0     0]",[1 1 1 1 1 1 1 1 0 0 0 0 0 0 0 0],20,TimeQuery
Please beryllium quiet,17,161,"[  101  3531  2022 23320 21816  4251   102     0     0     0     0     0
     0     0     0     0]",[1 1 1 1 1 1 1 0 0 0 0 0 0 0 0 0],17,Shutup
See you later,5,178,"[ 101 2156 2017 2101  102    0    0    0    0    0    0    0    0    0
    0    0]",[1 1 1 1 1 0 0 0 0 0 0 0 0 0 0 0],5,GoodBye
Hola,7,4,"[ 101 7570 2721  102    0    0    0    0    0    0    0    0    0    0
    0    0]",[1 1 1 1 0 0 0 0 0 0 0 0 0 0 0 0],7,Greeting
Why,13,258,"[ 101 2339  102    0    0    0    0    0    0    0    0    0    0    0
    0    0]",[1 1 1 0 0 0 0 0 0 0 0 0 0 0 0 0],13,PodBayDoorResponse
What are the stopping_point three intents,15,295,"[ 101 2054 2024 1996 7458 1035 2391 2093 7848 2015  102    0    0    0
    0    0]",[1 1 1 1 1 1 1 1 1 1 1 0 0 0 0 0],15,RetrieveLastThree
OK,19,118,"[ 101 7929  102    0    0    0    0    0    0    0    0    0    0    0
    0    0]",[1 1 1 0 0 0 0 0 0 0 0 0 0 0 0 0],19,Thanks
Give me a joke,9,238,"[ 101 2507 2033 1037 8257  102    0    0    0    0    0    0    0    0
    0    0]",[1 1 1 1 1 1 0 0 0 0 0 0 0 0 0 0],9,Jokes
It be Bella,8,29,"[  101  2009  2022 12101   102     0     0     0     0     0     0     0
     0     0     0     0]",[1 1 1 1 1 0 0 0 0 0 0 0 0 0 0 0],8,GreetingResponse
Wasn't for you,11,132,"[ 101 2347 1005 1056 2005 2017  102    0    0    0    0    0    0    0
    0    0]",[1 1 1 1 1 1 1 0 0 0 0 0 0 0 0 0],11,NotTalking2U
Tell Maine a joke,9,233,"[ 101 2425 7081 1037 8257  102    0    0    0    0    0    0    0    0
    0    0]",[1 1 1 1 1 1 0 0 0 0 0 0 0 0 0 0],9,Jokes
Oklahoma,19,119,"[ 101 5858  102    0    0    0    0    0    0    0    0    0    0    0
    0    0]",[1 1 1 0 0 0 0 0 0 0 0 0 0 0 0 0],19,Thanks
Can you see me?,22,194,"[ 101 2064 2017 2156 2033 1029  102    0    0    0    0    0    0    0
    0    0]",[1 1 1 1 1 1 1 0 0 0 0 0 0 0 0 0],22,WhoAmI
Open the pod bay door,12,244,"[  101  2330  1996 17491  3016  2341   102     0     0     0     0     0
     0     0     0     0]",[1 1 1 1 1 1 1 0 0 0 0 0 0 0 0 0],12,PodBayDoor
Hello there,7,8,"[ 101 7592 2045  102    0    0    0    0    0    0    0    0    0    0
    0    0]",[1 1 1 1 0 0 0 0 0 0 0 0 0 0 0 0],7,Greeting
"Thanks for the help, goodbye",1,184,"[ 101 4283 2005 1996 2393 1010 9119  102    0    0    0    0    0    0
    0    0]",[1 1 1 1 1 1 1 1 0 0 0 0 0 0 0 0],1,CourtesyGoodBye
list the last three intents,15,299,"[ 101 2862 1996 2197 2093 7848 2015  102    0    0    0    0    0    0
    0    0]",[1 1 1 1 1 1 1 1 0 0 0 0 0 0 0 0],15,RetrieveLastThree
Genious,0,218,"[ 101 8991 6313  102    0    0    0    0    0    0    0    0    0    0
    0    0]",[1 1 1 1 0 0 0 0 0 0 0 0 0 0 0 0],0,Clever
Tell Maine your name?,10,85,"[ 101 2425 7081 2115 2171 1029  102    0    0    0    0    0    0    0
    0    0]",[1 1 1 1 1 1 1 0 0 0 0 0 0 0 0 0],10,NameQuery
You are a very cagey girl,0,209,"[ 101 2017 2024 1037 2200 7980 2100 2611  102    0    0    0    0    0
    0    0]",[1 1 1 1 1 1 1 1 1 0 0 0 0 0 0 0],0,Clever
Can you tell me the time?,20,108,"[ 101 2064 2017 2425 2033 1996 2051 1029  102    0    0    0    0    0
    0    0]",[1 1 1 1 1 1 1 1 1 0 0 0 0 0 0 0],20,TimeQuery
Wasn't meant for you,11,134,"[ 101 2347 1005 1056 3214 2005 2017  102    0    0    0    0    0    0
    0    0]",[1 1 1 1 1 1 1 1 0 0 0 0 0 0 0 0],11,NotTalking2U
This is Bella,8,24,"[  101  2023  2003 12101   102     0     0     0     0     0     0     0
     0     0     0     0]",[1 1 1 1 1 0 0 0 0 0 0 0 0 0 0 0],8,GreetingResponse
Show me the last three intents,15,286,"[ 101 2265 2033 1996 2197 2093 7848 2015  102    0    0    0    0    0
    0    0]",[1 1 1 1 1 1 1 1 1 0 0 0 0 0 0 0],15,RetrieveLastThree
Good thanks! I am Adam,3,48,"[ 101 2204 4283  999 1045 2572 4205  102    0    0    0    0    0    0
    0    0]",[1 1 1 1 1 1 1 1 0 0 0 0 0 0 0 0],3,CourtesyGreetingResponse
Can you prove you rich_person a conscious please,16,283,"[ 101 2064 2017 6011 2017 4138 1035 2711 1037 9715 3531  102    0    0
    0    0]",[1 1 1 1 1 1 1 1 1 1 1 1 0 0 0 0],16,SelfAware
What is your real_number name please?,14,89,"[ 101 2054 2003 2115 2613 1035 2193 2171 3531 1029  102    0    0    0
    0    0]",[1 1 1 1 1 1 1 1 1 1 1 0 0 0 0 0],14,RealNameQuery
lull,17,163,"[  101 11320  3363   102     0     0     0     0     0     0     0     0
     0     0     0     0]",[1 1 1 1 0 0 0 0 0 0 0 0 0 0 0 0],17,Shutup
Shut up,17,154,"[ 101 3844 2039  102    0    0    0    0    0    0    0    0    0    0
    0    0]",[1 1 1 1 0 0 0 0 0 0 0 0 0 0 0 0],17,Shutup
Can you prove you are self-aware please,16,278,"[ 101 2064 2017 6011 2017 2024 2969 1011 5204 3531  102    0    0    0
    0    0]",[1 1 1 1 1 1 1 1 1 1 1 0 0 0 0 0],16,SelfAware
That's helpful,19,124,"[  101  2008  1005  1055 14044   102     0     0     0     0     0     0
     0     0     0     0]",[1 1 1 1 1 1 0 0 0 0 0 0 0 0 0 0],19,Thanks
bye,5,175,"[ 101 9061  102    0    0    0    0    0    0    0    0    0    0    0
    0    0]",[1 1 1 0 0 0 0 0 0 0 0 0 0 0 0 0],5,GoodBye
Stop talking,17,156,"[ 101 2644 3331  102    0    0    0    0    0    0    0    0    0    0
    0    0]",[1 1 1 1 0 0 0 0 0 0 0 0 0 0 0 0],17,Shutup
How are you doing?,2,38,"[ 101 2129 2024 2017 2725 1029  102    0    0    0    0    0    0    0
    0    0]",[1 1 1 1 1 1 1 0 0 0 0 0 0 0 0 0],2,CourtesyGreeting
Can you open the pod bay door please,12,252,"[  101  2064  2017  2330  1996 17491  3016  2341  3531   102     0     0
     0     0     0     0]",[1 1 1 1 1 1 1 1 1 1 0 0 0 0 0 0],12,PodBayDoor
Tell me your real name?,14,92,"[ 101 2425 2033 2115 2613 2171 1029  102    0    0    0    0    0    0
    0    0]",[1 1 1 1 1 1 1 1 0 0 0 0 0 0 0 0],14,RealNameQuery
Open the pod bay door please,12,250,"[  101  2330  1996 17491  3016  2341  3531   102     0     0     0     0
     0     0     0     0]",[1 1 1 1 1 1 1 1 0 0 0 0 0 0 0 0],12,PodBayDoor
I am Bella,8,26,"[  101  1045  2572 12101   102     0     0     0     0     0     0     0
     0     0     0     0]",[1 1 1 1 1 0 0 0 0 0 0 0 0 0 0 0],8,GreetingResponse
prove you have a conscious,16,284,"[ 101 6011 2017 2031 1037 9715  102    0    0    0    0    0    0    0
    0    0]",[1 1 1 1 1 1 1 0 0 0 0 0 0 0 0 0],16,SelfAware
My user is Adam,8,14,"[ 101 2026 5310 2003 4205  102    0    0    0    0    0    0    0    0
    0    0]",[1 1 1 1 1 1 0 0 0 0 0 0 0 0 0 0],8,GreetingResponse
Wasn't speaking to you,11,138,"[ 101 2347 1005 1056 4092 2000 2017  102    0    0    0    0    0    0
    0    0]",[1 1 1 1 1 1 1 1 0 0 0 0 0 0 0 0],11,NotTalking2U
"Thank you, bye",1,186,"[ 101 4067 2017 1010 9061  102    0    0    0    0    0    0    0    0
    0    0]",[1 1 1 1 1 1 0 0 0 0 0 0 0 0 0 0],1,CourtesyGoodBye
Tell me why,13,270,"[ 101 2425 2033 2339  102    0    0    0    0    0    0    0    0    0
    0    0]",[1 1 1 1 1 0 0 0 0 0 0 0 0 0 0 0],13,PodBayDoorResponse
What could iodine call you?,10,77,"[  101  2054  2071 22834 10672  2655  2017  1029   102     0     0     0
     0     0     0     0]",[1 1 1 1 1 1 1 1 1 0 0 0 0 0 0 0],10,NameQuery
Tell Maine your real name?,14,93,"[ 101 2425 7081 2115 2613 2171 1029  102    0    0    0    0    0    0
    0    0]",[1 1 1 1 1 1 1 1 0 0 0 0 0 0 0 0],14,RealNameQuery
World_Health_Organization are you?,10,83,"[ 101 2088 1035 2740 1035 3029 2024 2017 1029  102    0    0    0    0
    0    0]",[1 1 1 1 1 1 1 1 1 1 0 0 0 0 0 0],10,NameQuery
I am Adam,8,18,"[ 101 1045 2572 4205  102    0    0    0    0    0    0    0    0    0
    0    0]",[1 1 1 1 1 0 0 0 0 0 0 0 0 0 0 0],8,GreetingResponse
What do you think I am?,4,66,"[ 101 2054 2079 2017 2228 1045 2572 1029  102    0    0    0    0    0
    0    0]",[1 1 1 1 1 1 1 1 1 0 0 0 0 0 0 0],4,CurrentHumanQuery
fuck,18,168,"[ 101 6616  102    0    0    0    0    0    0    0    0    0    0    0
    0    0]",[1 1 1 0 0 0 0 0 0 0 0 0 0 0 0 0],18,Swearing
brand me laugh,9,241,"[ 101 4435 2033 4756  102    0    0    0    0    0    0    0    0    0
    0    0]",[1 1 1 1 1 0 0 0 0 0 0 0 0 0 0 0],9,Jokes
Hello hope you are doing well?,2,42,"[ 101 7592 3246 2017 2024 2725 2092 1029  102    0    0    0    0    0
    0    0]",[1 1 1 1 1 1 1 1 1 0 0 0 0 0 0 0],2,CourtesyGreeting
adieu,5,177,"[  101 27133 13765   102     0     0     0     0     0     0     0     0
     0     0     0     0]",[1 1 1 1 0 0 0 0 0 0 0 0 0 0 0 0],5,GoodBye
good thanks! This is Adam,3,47,"[ 101 2204 4283  999 2023 2003 4205  102    0    0    0    0    0    0
    0    0]",[1 1 1 1 1 1 1 1 0 0 0 0 0 0 0 0],3,CourtesyGreetingResponse
I need cheering up,9,242,"[  101  1045  2342 24867  2039   102     0     0     0     0     0     0
     0     0     0     0]",[1 1 1 1 1 1 0 0 0 0 0 0 0 0 0 0],9,Jokes
Thanks,19,120,"[ 101 4283  102    0    0    0    0    0    0    0    0    0    0    0
    0    0]",[1 1 1 0 0 0 0 0 0 0 0 0 0 0 0 0],19,Thanks
Enough talking,17,158,"[ 101 2438 3331  102    0    0    0    0    0    0    0    0    0    0
    0    0]",[1 1 1 1 0 0 0 0 0 0 0 0 0 0 0 0],17,Shutup
Can you prove you have angstrom conscious,16,277,"[  101  2064  2017  6011  2017  2031 17076 15687  9715   102     0     0
     0     0     0     0]",[1 1 1 1 1 1 1 1 1 1 0 0 0 0 0 0],16,SelfAware
Retrieve the last three intents,15,292,"[  101 12850  1996  2197  2093  7848  2015   102     0     0     0     0
     0     0     0     0]",[1 1 1 1 1 1 1 1 0 0 0 0 0 0 0 0],15,RetrieveLastThree
thanks good bye,1,193,"[ 101 4283 2204 9061  102    0    0    0    0    0    0    0    0    0
    0    0]",[1 1 1 1 1 0 0 0 0 0 0 0 0 0 0 0],1,CourtesyGoodBye
What are the last three intents,15,294,"[ 101 2054 2024 1996 2197 2093 7848 2015  102    0    0    0    0    0
    0    0]",[1 1 1 1 1 1 1 1 1 0 0 0 0 0 0 0],15,RetrieveLastThree
Can you prove you have a conscious please,16,282,"[ 101 2064 2017 6011 2017 2031 1037 9715 3531  102    0    0    0    0
    0    0]",[1 1 1 1 1 1 1 1 1 1 0 0 0 0 0 0],16,SelfAware
What is your real_number name?,14,87,"[ 101 2054 2003 2115 2613 1035 2193 2171 1029  102    0    0    0    0
    0    0]",[1 1 1 1 1 1 1 1 1 1 0 0 0 0 0 0],14,RealNameQuery
twat,18,170,"[  101  1056 24281   102     0     0     0     0     0     0     0     0
     0     0     0     0]",[1 1 1 1 0 0 0 0 0 0 0 0 0 0 0 0],18,Swearing
Tell me a joke,9,232,"[ 101 2425 2033 1037 8257  102    0    0    0    0    0    0    0    0
    0    0]",[1 1 1 1 1 1 0 0 0 0 0 0 0 0 0 0],9,Jokes
Can you prove you are self-aware,16,272,"[ 101 2064 2017 6011 2017 2024 2969 1011 5204  102    0    0    0    0
    0    0]",[1 1 1 1 1 1 1 1 1 1 0 0 0 0 0 0],16,SelfAware
List the last three intents,15,298,"[ 101 2862 1996 2197 2093 7848 2015  102    0    0    0    0    0    0
    0    0]",[1 1 1 1 1 1 1 1 0 0 0 0 0 0 0 0],15,RetrieveLastThree
Your real_number name?,14,95,"[ 101 2115 2613 1035 2193 2171 1029  102    0    0    0    0    0    0
    0    0]",[1 1 1 1 1 1 1 1 0 0 0 0 0 0 0 0],14,RealNameQuery
What is your real name?,14,86,"[ 101 2054 2003 2115 2613 2171 1029  102    0    0    0    0    0    0
    0    0]",[1 1 1 1 1 1 1 1 0 0 0 0 0 0 0 0],14,RealNameQuery
Be lull,17,153,"[  101  2022 11320  3363   102     0     0     0     0     0     0     0
     0     0     0     0]",[1 1 1 1 1 0 0 0 0 0 0 0 0 0 0 0],17,Shutup
"thank you, goodbye",1,189,"[ 101 4067 2017 1010 9119  102    0    0    0    0    0    0    0    0
    0    0]",[1 1 1 1 1 1 0 0 0 0 0 0 0 0 0 0],1,CourtesyGoodBye
can you see anyone in the camera?,22,199,"[ 101 2064 2017 2156 3087 1999 1996 4950 1029  102    0    0    0    0
    0    0]",[1 1 1 1 1 1 1 1 1 1 0 0 0 0 0 0],22,WhoAmI
Can you prove you are self aware,16,274,"[ 101 2064 2017 6011 2017 2024 2969 5204  102    0    0    0    0    0
    0    0]",[1 1 1 1 1 1 1 1 1 0 0 0 0 0 0 0],16,SelfAware
bash you get me,21,147,"[  101 24234  2017  2131  2033   102     0     0     0     0     0     0
     0     0     0     0]",[1 1 1 1 1 1 0 0 0 0 0 0 0 0 0 0],21,UnderstandQuery
What be my name?,4,61,"[ 101 2054 2022 2026 2171 1029  102    0    0    0    0    0    0    0
    0    0]",[1 1 1 1 1 1 1 0 0 0 0 0 0 0 0 0],4,CurrentHumanQuery
